tick,grazers,hunters,trees,grass_mean,shrub_mean,moisture_mean,fertility_mean,detritus_total,temperature,hunter_immigrants,grazer_starved,grazer_eaten,grazer_old_age,grazer_crowded,grazer_burnt,hunter_starved,hunter_eaten,hunter_old_age,hunter_crowded,hunter_burnt,patches_burning,total_burnt,grazer_energy_cost_mult_mean,grazer_energy_cost_mult_sd,grazer_flee_distance_mean,grazer_flee_distance_sd,grazer_repro_threshold_mean,grazer_repro_threshold_sd,hunter_energy_cost_mult_mean,hunter_energy_cost_mult_sd,hunter_flee_distance_mean,hunter_flee_distance_sd,hunter_repro_threshold_mean,hunter_repro_threshold_sd
0,300,20,12,0.1000,0.0200,128.0000,128.0000,0.0000,11.9978,0,0,0,0,0,0,0,0,0,0,0,0,0,1.0000,0.0000,4.0000,0.0000,70.0000,0.0000,1.0000,0.0000,4.0000,0.0000,75.0000,0.0000
1,300,20,12,0.1044,0.0200,127.9333,127.9110,17.9982,11.9978,0,0,0,0,0,0,0,0,0,0,0,0,0,1.0000,0.0000,4.0000,0.0000,70.0000,0.0000,1.0000,0.0000,4.0000,0.0000,75.0000,0.0000
2,300,20,12,0.1087,0.0200,127.8668,127.8224,35.9093,11.9978,0,0,0,0,0,0,0,0,0,0,0,0,0,1.0000,0.0000,4.0000,0.0000,70.0000,0.0000,1.0000,0.0000,4.0000,0.0000,75.0000,0.0000
3,300,20,12,0.1132,0.0200,127.8005,127.7339,53.7797,11.9978,0,0,0,0,0,0,0,0,0,0,0,0,0,1.0000,0.0000,4.0000,0.0000,70.0000,0.0000,1.0000,0.0000,4.0000,0.0000,75.0000,0.0000
4,300,20,12,0.1174,0.0200,127.7368,127.6490,70.9102,11.9978,0,0,0,0,0,0,0,0,0,0,0,0,0,1.0000,0.0000,4.0000,0.0000,70.0000,0.0000,1.0000,0.0000,4.0000,0.0000,75.0000,0.0000
5,300,20,12,0.1219,0.0200,127.6713,127.5618,88.4981,11.9978,0,0,0,0,0,0,0,0,0,0,0,0,0,1.0000,0.0000,4.0000,0.0000,70.0000,0.0000,1.0000,0.0000,4.0000,0.0000,75.0000,0.0000
6,305,20,12,0.1261,0.0200,127.6065,127.4753,105.9054,11.9978,0,0,0,0,0,0,0,0,0,0,0,0,0,1.0000,0.0042,3.9995,0.0136,70.0015,0.1536,1.0000,0.0000,4.0000,0.0000,75.0000,0.0000
7,305,20,12,0.1304,0.0199,127.5418,127.3890,123.3094,11.9978,0,0,0,0,0,0,0,0,0,0,0,0,0,1.0000,0.0042,3.9995,0.0136,70.0015,0.1536,1.0000,0.0000,4.0000,0.0000,75.0000,0.0000
8,305,20,12,0.1346,0.0199,127.4764,127.3019,140.8475,11.9978,0,0,0,0,0,0,0,0,0,0,0,0,0,1.0000,0.0042,3.9995,0.0136,70.0015,0.1536,1.0000,0.0000,4.0000,0.0000,75.0000,0.0000
9,306,20,12,0.1389,0.0199,127.4089,127.2118,159.0083,11.9978,0,0,0,0,0,0,0,0,0,0,0,0,0,1.0000,0.0043,3.9993,0.0143,70.0056,0.1698,1.0000,0.0000,4.0000,0.0000,75.0000,0.0000
10,306,20,12,0.1433,0.0199,132.6967,127.1186,177.1728,11.9978,0,0,0,0,0,0,0,0,0,0,0,0,0,1.0000,0.0043,3.9993,0.0143,70.0056,0.1698,1.0000,0.0000,4.0000,0.0000,75.0000,0.0000
11,306,20,12,0.1475,0.0199,132.6336,127.0344,201.9215,11.9978,0,0,0,0,0,0,0,0,0,0,0,0,0,1.0000,0.0043,3.9993,0.0143,70.0056,0.1698,1.0000,0.0000,4.0000,0.0000,75.0000,0.0000
12,307,20,12,0.1515,0.0199,132.5706,126.9505,226.4759,11.9978,0,0,0,0,0,0,0,0,0,0,0,0,0,1.0001,0.0051,3.9997,0.0164,70.0005,0.1919,1.0000,0.0000,4.0000,0.0000,75.0000,0.0000
13,309,20,12,0.1557,0.0199,132.5078,126.8668,251.0136,11.9978,0,0,0,0,0,0,0,0,0,0,0,0,0,1.0001,0.0060,4.0001,0.0182,69.9922,0.2567,1.0000,0.0000,4.0000,0.0000,75.0000,0.0000
14,307,20,12,0.1598,0.0199,132.4475,126.7864,304.5050,11.9978,0,0,2,0,0,0,0,0,0,0,0,0,0,1.0001,0.0060,4.0001,0.0183,69.9921,0.2575,1.0000,0.0000,4.0000,0.0000,75.0000,0.0000
15,308,20,12,0.1640,0.0199,132.3856,126.7038,328.6501,11.9978,0,0,0,0,0,0,0,0,0,0,0,0,0,1.0001,0.0060,4.0004,0.0187,69.9931,0.2577,1.0000,0.0000,4.0000,0.0000,75.0000,0.0000
16,307,20,12,0.1681,0.0199,132.3242,126.6220,382.5547,11.9978,0,0,2,0,0,0,0,0,0,0,0,0,0,1.0002,0.0063,4.0000,0.0197,69.9980,0.2718,1.0000,0.0000,4.0000,0.0000,75.0000,0.0000
17,306,20,12,0.1722,0.0199,132.2630,126.5403,421.5102,11.9978,0,0,1,0,0,0,0,0,0,0,0,0,0,1.0002,0.0063,4.0000,0.0197,69.9980,0.2722,1.0000,0.0000,4.0000,0.0000,75.0000,0.0000
18,306,20,12,0.1763,0.0199,132.2011,126.4579,445.6368,11.9978,0,0,0,0,0,0,0,0,0,0,0,0,0,1.0002,0.0063,4.0000,0.0197,69.9980,0.2722,1.0000,0.0000,4.0000,0.0000,75.0000,0.0000
19,307,20,12,0.1804,0.0199,132.1372,126.3726,470.6555,11.9978,0,0,0,0,0,0,0,0,0,0,0,0,0,1.0002,0.0063,4.0003,0.0203,69.9918,0.2922,1.0000,0.0000,4.0000,0.0000,75.0000,0.0000
20,308,20,12,0.1846,0.0198,136.6422,126.2845,494.8183,11.9978,0,0,0,0,0,0,0,0,0,0,0,0,0,1.0001,0.0064,4.0001,0.0207,69.9876,0.3010,1.0000,0.0000,4.0000,0.0000,75.0000,0.0000
21,308,20,12,0.1886,0.0198,136.5824,126.2049,526.0056,11.9978,0,0,0,0,0,0,0,0,0,0,0,0,0,1.0001,0.0064,4.0001,0.0207,69.9876,0.3010,1.0000,0.0000,4.0000,0.0000,75.0000,0.0000
22,307,20,12,0.1925,0.0198,136.5229,126.1255,571.9833,11.9978,0,0,1,0,0,0,0,0,0,0,0,0,0,1.0001,0.0064,4.0001,0.0207,69.9875,0.3015,1.0000,0.0000,4.0000,0.0000,75.0000,0.0000
23,309,20,12,0.1965,0.0198,136.4635,126.0463,602.9113,11.9978,0,0,0,0,0,0,0,0,0,0,0,0,0,1.0001,0.0065,4.0000,0.0252,69.9871,0.3174,1.0000,0.0000,4.0000,0.0000,75.0000,0.0000
24,309,20,12,0.2004,0.0198,136.4065,125.9703,632.5669,11.9978,0,0,0,0,0,0,0,0,0,0,0,0,0,1.0001,0.0065,4.0000,0.0252,69.9871,0.3174,1.0000,0.0000,4.0000,0.0000,75.0000,0.0000
25,310,20,12,0.2044,0.0198,136.3479,125.8922,663.0056,11.9978,0,0,0,0,0,0,0,0,0,0,0,0,0,1.0000,0.0069,3.9999,0.0253,69.9840,0.3214,1.0000,0.0000,4.0000,0.0000,75.0000,0.0000
26,311,20,12,0.2083,0.0198,136.2899,125.8148,693.1559,11.9978,0,0,0,0,0,0,0,0,0,0,0,0,0,1.0001,0.0074,4.0002,0.0260,69.9893,0.3338,1.0000,0.0000,4.0000,0.0000,75.0000,0.0000
27,312,20,12,0.2122,0.0198,136.2319,125.7376,723.3568,11.9978,0,0,0,0,0,0,0,0,0,0,0,0,0,1.0002,0.0074,4.0005,0.0265,69.9879,0.3341,1.0000,0.0000,4.0000,0.0000,75.0000,0.0000
28,313,20,12,0.2160,0.0198,136.1735,125.6596,753.7780,11.9978,0,0,0,0,0,0,0,0,0,0,0,0,0,1.0002,0.0074,4.0000,0.0281,69.9778,0.3782,1.0000,0.0000,4.0000,0.0000,75.0000,0.0000
29,315,20,12,0.2199,0.0198,136.1130,125.5790,785.3195,11.9978,0,0,0,0,0,0,0,0,0,0,0,0,0,1.0003,0.0075,4.0001,0.0304,69.9703,0.3916,1.0000,0.0000,4.0000,0.0000,75.0000,0.0000
30,315,20,12,0.2239,0.0198,140.5342,125.4957,815.0986,11.9978,0,0,0,0,0,0,0,0,0,0,0,0,0,1.0003,0.0075,4.0001,0.0304,69.9703,0.3916,1.0000,0.0000,4.0000,0.0000,75.0000,0.0000
31,315,20,12,0.2277,0.0198,140.4778,125.4204,867.3704,11.9978,0,0,1,0,0,0,0,0,0,0,0,0,0,1.0003,0.0075,3.9997,0.0313,69.9795,0.4247,1.0000,0.0000,4.0000,0.0000,75.0000,0.0000
32,315,20,12,0.2314,0.0198,140.4215,125.3454,904.4146,11.9978,0,0,0,0,0,0,0,0,0,0,0,0,0,1.0003,0.0075,3.9997,0.0313,69.9795,0.4247,1.0000,0.0000,4.0000,0.0000,75.0000,0.0000
33,316,20,12,0.2352,0.0198,140.3653,125.2705,941.3958,11.9978,0,0,0,0,0,0,0,0,0,0,0,0,0,1.0005,0.0079,3.9993,0.0322,69.9883,0.4520,1.0000,0.0000,4.0000,0.0000,75.0000,0.0000
34,318,20,12,0.2388,0.0197,140.3114,125.1986,976.8690,11.9978,0,0,0,0,0,0,0,0,0,0,0,0,0,1.0006,0.0082,3.9988,0.0329,69.9840,0.4545,1.0000,0.0000,4.0000,0.0000,75.0000,0.0000
35,318,20,12,0.2426,0.0197,140.2560,125.1247,1013.2848,11.9978,0,0,0,0,0,0,0,0,0,0,0,0,0,1.0006,0.0082,3.9988,0.0329,69.9840,0.4545,1.0000,0.0000,4.0000,0.0000,75.0000,0.0000
36,318,20,12,0.2463,0.0197,140.2011,125.0515,1049.3481,11.9978,0,0,0,0,0,0,0,0,0,0,0,0,0,1.0006,0.0082,3.9988,0.0329,69.9840,0.4545,1.0000,0.0000,4.0000,0.0000,75.0000,0.0000
37,319,20,12,0.2499,0.0197,140.1463,124.9785,1085.4539,11.9978,0,0,0,0,0,0,0,0,0,0,0,0,0,1.0005,0.0086,3.9992,0.0335,69.9737,0.4898,1.0000,0.0000,4.0000,0.0000,75.0000,0.0000
38,320,20,12,0.2536,0.0197,140.0910,124.9047,1121.8204,11.9978,0,0,0,0,0,0,0,0,0,0,0,0,0,1.0005,0.0087,3.9988,0.0342,69.9661,0.5076,1.0000,0.0000,4.0000,0.0000,75.0000,0.0000
39,321,20,12,0.2572,0.0197,140.0338,124.8285,1159.5328,11.9978,0,0,0,0,0,0,0,0,0,0,0,0,0,1.0006,0.0088,3.9986,0.0343,69.9753,0.5329,1.0000,0.0000,4.0000,0.0000,75.0000,0.0000
40,322,20,12,0.2611,0.0197,144.3783,124.7498,1194.3225,11.9978,0,0,0,0,0,0,0,0,0,0,0,0,0,1.0007,0.0090,3.9992,0.0355,69.9706,0.5385,1.0000,0.0000,4.0000,0.0000,75.0000,0.0000
41,324,20,12,0.2646,0.0197,144.3249,124.6786,1237.3441,11.9978,0,0,0,0,0,0,0,0,0,0,0,0,0,1.0007,0.0091,4.0002,0.0378,69.9866,0.5743,1.0000,0.0000,4.0000,0.0000,75.0000,0.0000
42,324,20,12,0.2681,0.0197,144.2717,124.6076,1280.1123,11.9978,0,0,0,0,0,0,0,0,0,0,0,0,0,1.0007,0.0091,4.0002,0.0378,69.9866,0.5743,1.0000,0.0000,4.0000,0.0000,75.0000,0.0000
43,323,20,12,0.2717,0.0197,144.2185,124.5368,1337.8228,11.9978,0,0,1,0,0,0,0,0,0,0,0,0,0,1.0007,0.0091,4.0002,0.0379,69.9866,0.5752,1.0000,0.0000,4.0000,0.0000,75.0000,0.0000
44,322,20,12,0.2752,0.0197,144.1675,124.4688,1393.7863,11.9978,0,0,1,0,0,0,0,0,0,0,0,0,0,1.0007,0.0091,4.0002,0.0380,69.9865,0.5760,1.0000,0.0000,4.0000,0.0000,75.0000,0.0000
45,325,20,12,0.2788,0.0197,144.1151,124.3989,1450.8434,11.9978,0,0,1,0,0,0,0,0,0,0,0,0,0,1.0007,0.0095,4.0014,0.0398,69.9771,0.6029,1.0000,0.0000,4.0000,0.0000,75.0000,0.0000
46,326,20,12,0.2822,0.0197,144.0632,124.3297,1492.4996,11.9978,0,0,0,0,0,0,0,0,0,0,0,0,0,1.0006,0.0098,4.0011,0.0401,69.9676,0.6260,1.0000,0.0000,4.0000,0.0000,75.0000,0.0000
47,327,20,12,0.2857,0.0197,144.0114,124.2606,1534.1808,11.9978,0,0,0,0,0,0,0,0,0,0,0,0,0,1.0006,0.0098,4.0005,0.0415,69.9589,0.6444,1.0000,0.0000,4.0000,0.0000,75.0000,0.0000
48,327,20,12,0.2891,0.0196,143.9591,124.1908,1591.1719,11.9978,0,0,1,0,0,0,0,0,0,0,0,0,0,1.0007,0.0100,4.0001,0.0420,69.9614,0.6462,1.0000,0.0000,4.0000,0.0000,75.0000,0.0000
49,327,20,12,0.2926,0.0196,143.9050,124.1188,1634.7153,11.9978,0,0,0,0,0,0,0,0,0,0,0,0,0,1.0007,0.0100,4.0001,0.0420,69.9614,0.6462,1.0000,0.0000,4.0000,0.0000,75.0000,0.0000
50,327,20,12,0.2962,0.0196,148.1378,124.0445,1703.6189,11.9978,0,0,2,0,0,0,0,0,0,0,0,0,0,1.0006,0.0103,4.0000,0.0427,69.9594,0.6905,1.0000,0.0000,4.0000,0.0000,75.0000,0.0000
51,328,20,12,0.2996,0.0196,148.0873,123.9772,1752.0825,11.9978,0,0,0,0,0,0,0,0,0,0,0,0,0,1.0006,0.0103,4.0000,0.0426,69.9581,0.6899,1.0000,0.0000,4.0000,0.0000,75.0000,0.0000
52,328,20,12,0.3028,0.0196,148.0370,123.9100,1800.2767,11.9978,0,0,0,0,0,0,0,0,0,0,0,0,0,1.0006,0.0103,4.0000,0.0426,69.9581,0.6899,1.0000,0.0000,4.0000,0.0000,75.0000,0.0000
53,329,20,12,0.3062,0.0196,147.9867,123.8430,1848.3845,11.9978,0,0,0,0,0,0,0,0,0,0,0,0,0,1.0006,0.0102,3.9997,0.0430,69.9664,0.7050,1.0000,0.0000,4.0000,0.0000,75.0000,0.0000
54,329,20,12,0.3095,0.0196,147.9385,123.7787,1894.5388,11.9978,0,0,0,0,0,0,0,0,0,0,0,0,0,1.0006,0.0102,3.9997,0.0430,69.9664,0.7050,1.0000,0.0000,4.0000,0.0000,75.0000,0.0000
55,328,20,12,0.3129,0.0196,147.8889,123.7126,1956.9264,11.9978,0,0,1,0,0,0,0,0,0,0,0,0,0,1.0006,0.0103,3.9997,0.0431,69.9663,0.7060,1.0000,0.0000,4.0000,0.0000,75.0000,0.0000
56,329,20,12,0.3162,0.0196,147.8398,123.6471,2003.8448,11.9978,0,0,0,0,0,0,0,0,0,0,0,0,0,1.0005,0.0104,3.9993,0.0438,69.9680,0.7056,1.0000,0.0000,4.0000,0.0000,75.0000,0.0000
57,331,20,12,0.3194,0.0196,147.7908,123.5818,2050.8042,11.9978,0,0,0,0,0,0,0,0,0,0,0,0,0,1.0006,0.0107,3.9983,0.0454,69.9740,0.7251,1.0000,0.0000,4.0000,0.0000,75.0000,0.0000
58,332,20,12,0.3227,0.0196,147.7413,123.5158,2098.1211,11.9978,0,0,0,0,0,0,0,0,0,0,0,0,0,1.0006,0.0108,3.9979,0.0460,69.9802,0.7327,1.0000,0.0000,4.0000,0.0000,75.0000,0.0000
59,333,20,12,0.3260,0.0196,147.6902,123.4477,2147.1797,11.9978,0,0,0,0,0,0,0,0,0,0,0,0,0,1.0005,0.0108,3.9984,0.0470,69.9808,0.7317,1.0000,0.0000,4.0000,0.0000,75.0000,0.0000
60,332,20,12,0.3294,0.0196,151.8918,123.3776,2204.8381,11.9978,0,0,0,0,1,0,0,0,0,0,0,0,0,1.0005,0.0108,3.9984,0.0470,69.9807,0.7328,1.0000,0.0000,4.0000,0.0000,75.0000,0.0000
61,336,20,12,0.3326,0.0195,151.8441,123.3139,2258.4302,11.9978,0,0,0,0,0,0,0,0,0,0,0,0,0,1.0011,0.0119,3.9983,0.0481,69.9705,0.7697,1.0000,0.0000,4.0000,0.0000,75.0000,0.0000
62,335,20,12,0.3357,0.0195,151.7964,123.2504,2326.7578,11.9978,0,0,1,0,0,0,0,0,0,0,0,0,0,1.0011,0.0119,3.9983,0.0481,69.9704,0.7708,1.0000,0.0000,4.0000,0.0000,75.0000,0.0000
63,336,20,12,0.3389,0.0195,151.7489,123.1870,2379.9604,11.9978,0,0,0,0,0,0,0,0,0,0,0,0,0,1.0012,0.0120,3.9989,0.0492,69.9642,0.7778,1.0000,0.0000,4.0000,0.0000,75.0000,0.0000
64,337,20,12,0.3420,0.0195,151.7033,123.1262,2431.0293,11.9978,0,0,0,0,0,0,0,0,0,0,0,0,0,1.0013,0.0122,3.9984,0.0500,69.9592,0.7822,1.0000,0.0000,4.0000,0.0000,75.0000,0.0000
65,337,20,12,0.3452,0.0195,151.6564,123.0637,2483.4670,11.9978,0,0,0,0,0,0,0,0,0,0,0,0,0,1.0013,0.0122,3.9984,0.0500,69.9592,0.7822,1.0000,0.0000,4.0000,0.0000,75.0000,0.0000
66,338,20,12,0.3483,0.0195,151.6099,123.0017,2535.3713,11.9978,0,0,0,0,0,0,0,0,0,0,0,0,0,1.0014,0.0124,3.9984,0.0499,69.9677,0.7964,1.0000,0.0000,4.0000,0.0000,75.0000,0.0000
67,339,20,12,0.3514,0.0195,151.5636,122.9399,2587.3157,11.9978,0,0,0,0,0,0,0,0,0,0,0,0,0,1.0013,0.0125,3.9990,0.0509,69.9691,0.7957,1.0000,0.0000,4.0000,0.0000,75.0000,0.0000
68,339,20,12,0.3545,0.0195,151.5168,122.8775,2639.6672,11.9978,0,0,0,0,0,0,0,0,0,0,0,0,0,1.0013,0.0125,3.9990,0.0509,69.9691,0.7957,1.0000,0.0000,4.0000,0.0000,75.0000,0.0000
69,338,20,12,0.3575,0.0195,151.4684,122.8131,2708.9431,11.9978,0,0,1,0,0,0,0,0,0,0,0,0,0,1.0013,0.0125,3.9990,0.0510,69.9690,0.7968,1.0000,0.0000,4.0000,0.0000,75.0000,0.0000
70,339,20,12,0.3608,0.0195,155.6016,122.7470,2754.7888,11.9978,0,0,0,0,0,0,0,0,0,0,0,0,0,1.0012,0.0126,3.9988,0.0510,69.9726,0.7985,1.0000,0.0000,4.0000,0.0000,75.0000,0.0000
71,340,20,12,0.3638,0.0195,155.5564,122.6867,2813.2305,11.9978,0,0,0,0,0,0,0,0,0,0,0,0,0,1.0013,0.0127,3.9984,0.0514,69.9703,0.7985,1.0000,0.0000,4.0000,0.0000,75.0000,0.0000
72,341,20,12,0.3667,0.0195,155.5114,122.6267,2886.4065,11.9978,0,0,1,0,0,0,0,0,0,0,0,0,0,1.0013,0.0129,3.9991,0.0521,69.9730,0.8130,1.0000,0.0000,4.0000,0.0000,75.0000,0.0000
73,342,20,12,0.3698,0.0195,155.4664,122.5667,2944.4314,11.9978,0,0,0,0,0,0,0,0,0,0,0,0,0,1.0011,0.0131,3.9993,0.0522,69.9814,0.8266,1.0000,0.0000,4.0000,0.0000,75.0000,0.0000
74,342,20,12,0.3727,0.0195,155.4233,122.5092,3000.1404,11.9978,0,0,0,0,0,0,0,0,0,0,0,0,0,1.0011,0.0131,3.9993,0.0522,69.9814,0.8266,1.0000,0.0000,4.0000,0.0000,75.0000,0.0000
75,344,20,12,0.3757,0.0194,155.3790,122.4501,3057.3398,11.9978,0,0,0,0,0,0,0,0,0,0,0,0,0,1.0010,0.0132,4.0002,0.0535,69.9861,0.8360,1.0000,0.0000,4.0000,0.0000,75.0000,0.0000
76,345,20,12,0.3787,0.0194,155.3350,122.3915,3113.9734,11.9978,0,0,0,0,0,0,0,0,0,0,0,0,0,1.0010,0.0132,4.0001,0.0535,69.9921,0.8422,1.0000,0.0000,4.0000,0.0000,75.0000,0.0000
77,346,20,12,0.3816,0.0194,155.2912,122.3330,3170.6287,11.9978,0,0,0,0,0,0,0,0,0,0,0,0,0,1.0010,0.0133,4.0004,0.0538,69.9896,0.8422,1.0000,0.0000,4.0000,0.0000,75.0000,0.0000
78,346,20,12,0.3845,0.0194,155.2469,122.2740,3227.7493,11.9978,0,0,0,0,0,0,0,0,0,0,0,0,0,1.0010,0.0133,4.0004,0.0538,69.9896,0.8422,1.0000,0.0000,4.0000,0.0000,75.0000,0.0000
79,348,20,12,0.3874,0.0194,155.2012,122.2130,3286.9536,11.9978,0,0,0,0,0,0,0,0,0,0,0,0,0,1.0011,0.0135,4.0004,0.0538,69.9973,0.8552,1.0000,0.0000,4.0000,0.0000,75.0000,0.0000
80,349,20,12,0.3905,0.0194,159.2671,122.1507,3335.4763,11.9978,0,0,0,0,0,0,0,0,0,0,0,0,0,1.0011,0.0135,4.0007,0.0540,69.9956,0.8545,1.0000,0.0000,4.0000,0.0000,75.0000,0.0000
81,349,20,12,0.3933,0.0194,159.2244,122.0937,3398.5208,11.9978,0,0,0,0,0,0,0,0,0,0,0,0,0,1.0011,0.0135,4.0007,0.0540,69.9956,0.8545,1.0000,0.0000,4.0000,0.0000,75.0000,0.0000
82,350,20,12,0.3961,0.0194,159.1818,122.0369,3461.2878,11.9978,0,0,0,0,0,0,0,0,0,0,0,0,0,1.0009,0.0137,4.0010,0.0542,69.9947,0.8535,1.0000,0.0000,4.0000,0.0000,75.0000,0.0000
83,351,20,12,0.3990,0.0194,159.1393,121.9802,3523.8770,11.9978,0,0,0,0,0,0,0,0,0,0,0,0,0,1.0008,0.0138,4.0013,0.0543,69.9947,0.8523,1.0000,0.0000,4.0000,0.0000,75.0000,0.0000
84,350,20,12,0.4017,0.0194,159.0984,121.9258,3598.9744,11.9978,0,0,1,0,0,0,0,0,0,0,0,0,0,1.0008,0.0138,4.0013,0.0544,69.9947,0.8535,1.0000,0.0000,4.0000,0.0000,75.0000,0.0000
85,350,20,12,0.4046,0.0194,159.0565,121.8699,3660.6836,11.9978,0,0,0,0,0,0,0,0,0,0,0,0,0,1.0008,0.0138,4.0013,0.0544,69.9947,0.8535,1.0000,0.0000,4.0000,0.0000,75.0000,0.0000
86,353,20,12,0.4074,0.0194,159.0150,121.8145,3721.7864,11.9978,0,0,0,0,0,0,0,0,0,0,0,0,0,1.0009,0.0140,4.0008,0.0550,70.0036,0.8639,1.0000,0.0000,4.0000,0.0000,75.0000,0.0000
87,353,20,12,0.4101,0.0194,158.9735,121.7592,3782.8831,11.9978,0,0,0,0,0,0,0,0,0,0,0,0,0,1.0009,0.0140,4.0008,0.0550,70.0036,0.8639,1.0000,0.0000,4.0000,0.0000,75.0000,0.0000
88,354,20,12,0.4129,0.0193,158.9316,121.7034,3844.5017,11.9978,0,0,0,0,0,0,0,0,0,0,0,0,0,1.0007,0.0142,4.0002,0.0558,70.0113,0.8748,1.0000,0.0000,4.0000,0.0000,75.0000,0.0000
89,355,20,12,0.4156,0.0193,158.8884,121.6457,3908.3376,11.9978,0,0,0,0,0,0,0,0,0,0,0,0,0,1.0006,0.0144,4.0005,0.0558,70.0210,0.8924,1.0000,0.0000,4.0000,0.0000,75.0000,0.0000
90,356,20,12,0.4185,0.0193,162.8880,121.5870,3958.9915,11.9978,0,0,0,0,0,0,0,0,0,0,0,0,0,1.0006,0.0144,4.0010,0.0567,70.0252,0.8947,1.0000,0.0000,4.0000,0.0000,75.0000,0.0000
91,356,20,12,0.4212,0.0193,162.8476,121.5331,4026.3726,11.9978,0,0,0,0,0,0,0,0,0,0,0,0,0,1.0006,0.0144,4.0010,0.0567,70.0252,0.8947,1.0000,0.0000,4.0000,0.0000,75.0000,0.0000
92,356,20,12,0.4238,0.0193,162.8073,121.4794,4093.4836,11.9978,0,0,0,0,0,0,0,0,0,0,0,0,0,1.0006,0.0144,4.0010,0.0567,70.0252,0.8947,1.0000,0.0000,4.0000,0.0000,75.0000,0.0000
93,356,20,12,0.4265,0.0193,162.7671,121.4257,4160.3960,11.9978,0,0,0,0,0,0,0,0,0,0,0,0,0,1.0006,0.0144,4.0010,0.0567,70.0252,0.8947,1.0000,0.0000,4.0000,0.0000,75.0000,0.0000
94,356,20,12,0.4292,0.0193,162.7285,121.3743,4224.6543,11.9978,0,0,0,0,0,0,0,0,0,0,0,0,0,1.0006,0.0144,4.0010,0.0567,70.0252,0.8947,1.0000,0.0000,4.0000,0.0000,75.0000,0.0000
95,356,20,12,0.4319,0.0193,162.6888,121.3214,4290.6138,11.9978,0,0,0,0,0,0,0,0,0,0,0,0,0,1.0006,0.0144,4.0010,0.0567,70.0252,0.8947,1.0000,0.0000,4.0000,0.0000,75.0000,0.0000
96,356,20,12,0.4345,0.0193,162.6495,121.2689,4355.9292,11.9978,0,0,0,0,0,0,0,0,0,0,0,0,0,1.0006,0.0144,4.0010,0.0567,70.0252,0.8947,1.0000,0.0000,4.0000,0.0000,75.0000,0.0000
97,356,20,12,0.4371,0.0193,162.6102,121.2166,4421.2310,11.9978,0,0,0,0,0,0,0,0,0,0,0,0,0,1.0006,0.0144,4.0010,0.0567,70.0252,0.8947,1.0000,0.0000,4.0000,0.0000,75.0000,0.0000
98,356,20,12,0.4397,0.0193,162.5706,121.1638,4487.1060,11.9978,0,0,0,0,0,0,0,0,0,0,0,0,0,1.0006,0.0144,4.0010,0.0567,70.0252,0.8947,1.0000,0.0000,4.0000,0.0000,75.0000,0.0000
99,357,20,12,0.4423,0.0193,162.5297,121.1093,4555.3267,11.9978,0,0,0,0,0,0,0,0,0,0,0,0,0,1.0006,0.0144,4.0007,0.0570,70.0259,0.8935,1.0000,0.0000,4.0000,0.0000,75.0000,0.0000
100,358,20,12,0.4450,0.0193,166.4247,121.0540,4607.6655,14.3443,0,0,0,0,0,0,0,0,0,0,0,0,0,1.0006,0.0144,4.0010,0.0572,70.0338,0.9046,1.0000,0.0000,4.0000,0.0000,75.0000,0.0000
