tree.crowding_mortality,disease.grazer_rate,seed,no_extinction_pass,no_extinction_value,no_extinction_margin,max_10x_pass,max_10x_value,max_10x_margin,grazer_cycle_pass,grazer_cycle_value,grazer_cycle_margin,fertility_band_pass,fertility_band_value,fertility_band_margin,grass_band_pass,grass_band_value,grass_band_margin,tree_growth_pass,tree_growth_value,tree_growth_margin,mature_trees_10k_pass,mature_trees_10k_value,mature_trees_10k_margin,animals_10k_pass,animals_10k_value,animals_10k_margin,first_extinction_tick,first_extinction_species,first_extinction_dominant_cause,grazer_peaks,hunter_extinction_tick,hunter_immigrants
0.00,0.000,1,true,25,24.000000,true,3343,0.775938,true,16016,9.677333,true,185.53419494628906,0.156663,true,0.875,0.078947,true,349,18.388889,true,123,2.514286,true,28,13.000000,,,,7,,0
0.00,0.000,2,true,28,27.000000,true,2859,0.827667,true,16336,9.890667,true,187.46730041503906,0.147876,true,0.873199999332428,0.080842,true,339,17.833333,true,118,2.371429,true,36,17.000000,,,,12,,0
0.00,0.000,3,true,33,32.000000,true,62,0.812121,true,15494,9.329333,true,197.1938018798828,0.103665,true,0.8672999739646912,0.087053,true,406,21.555556,true,79,1.257143,true,52,25.000000,,,,9,,0
0.00,0.002,1,true,27,26.000000,true,631,0.827123,true,16589,10.059333,true,207.43679809570313,0.057105,true,0.8828999996185303,0.070632,true,419,22.277778,true,125,2.571429,true,35,16.500000,,,,8,,0
0.00,0.002,2,true,24,23.000000,true,61,0.815152,true,15005,9.003333,true,211.1060028076172,0.040427,true,0.8823000192642212,0.071263,true,370,19.555556,true,111,2.171429,true,32,15.000000,,,,9,,0
0.00,0.002,3,true,31,30.000000,true,59,0.809677,true,17195,10.463333,true,210.3677978515625,0.043783,true,0.882099986076355,0.071474,true,321,16.833333,true,88,1.514286,true,48,23.000000,,,,11,,0
0.00,0.004,1,true,22,21.000000,true,53,0.823333,true,16542,10.028000,true,212.81869506835938,0.032642,true,0.8833000063896179,0.070211,true,310,16.222222,true,112,2.200000,true,31,14.500000,,,,10,,0
0.00,0.004,2,true,23,22.000000,true,582,0.855224,true,16173,9.782000,true,210.7154998779297,0.042202,true,0.8838000297546387,0.069684,true,413,21.944444,true,122,2.485714,true,28,13.000000,,,,11,,0
0.00,0.004,3,true,33,32.000000,true,67,0.796970,true,13685,8.123333,true,214.52330017089844,0.024894,true,0.8827000260353088,0.070842,true,269,13.944444,true,108,2.085714,true,52,25.000000,,,,7,,0
0.00,0.006,1,true,23,22.000000,true,54,0.831250,true,16803,10.202000,true,214.6448974609375,0.024341,true,0.8855000138282776,0.067895,true,341,17.944444,true,102,1.914286,true,39,18.500000,,,,12,,0
0.00,0.006,2,true,26,25.000000,true,54,0.841176,true,17101,10.400667,true,215.45379638671875,0.020665,true,0.8849999904632568,0.068421,true,388,20.555556,true,100,1.857143,true,29,13.500000,,,,12,,0
0.00,0.006,3,true,32,31.000000,true,66,0.800000,true,16258,9.838667,true,214.48719787597656,0.025058,true,0.8838000297546387,0.069684,true,315,16.500000,true,88,1.514286,true,40,19.000000,,,,11,,0
0.00,0.008,1,true,18,17.000000,true,644,0.825474,true,16275,9.850000,true,217.1531982421875,0.012940,true,0.8840000033378601,0.069474,true,297,15.500000,true,120,2.428571,true,23,10.500000,,,,12,,0
0.00,0.008,2,true,29,28.000000,true,53,0.834375,true,14153,8.435333,true,214.7613067626953,0.023812,true,0.8837000131607056,0.069789,true,385,20.388889,true,108,2.085714,true,35,16.500000,,,,14,,0
0.00,0.008,3,true,33,32.000000,true,66,0.800000,true,14902,8.934667,true,215.1540069580078,0.022027,true,0.883899986743927,0.069579,true,309,16.166667,true,97,1.771429,true,44,21.000000,,,,9,,0
0.00,0.010,1,true,20,19.000000,true,654,0.833163,true,16379,9.919333,true,214.1967010498047,0.026379,true,0.8830999732017517,0.070421,true,297,15.500000,true,81,1.314286,true,32,15.000000,,,,14,,0
0.00,0.010,2,true,27,26.000000,true,52,0.851429,true,16652,10.101333,true,215.77969360351563,0.019183,true,0.8853999972343445,0.068000,true,358,18.888889,true,103,1.942857,true,30,14.000000,,,,11,,0
0.00,0.010,3,true,33,32.000000,true,67,0.796970,true,16883,10.255333,true,215.40089416503906,0.020905,true,0.8863999843597412,0.066947,true,358,18.888889,true,93,1.657143,true,190,18.000000,,,,12,,0
0.01,0.000,1,true,23,22.000000,true,61,0.803226,true,16606,10.070667,true,184.9853973388672,0.159157,true,0.8730999827384949,0.080947,true,385,20.388889,true,119,2.400000,true,30,14.000000,,,,13,,0
0.01,0.000,2,true,28,27.000000,true,2863,0.826590,true,15437,9.291333,true,186.5872039794922,0.151876,true,0.8676000237464905,0.086737,true,414,22.000000,true,76,1.171429,true,38,18.000000,,,,9,,0
0.01,0.000,3,true,32,31.000000,true,68,0.793939,true,16721,10.147333,true,199.64129638671875,0.092540,true,0.8705000281333923,0.083684,true,281,14.611111,true,84,1.400000,true,49,23.500000,,,,10,,0
0.01,0.002,1,true,19,18.000000,true,604,0.827429,true,17714,10.809333,true,207.3802032470703,0.057363,true,0.8831999897956848,0.070316,true,355,18.722222,true,110,2.142857,true,36,17.000000,,,,14,,0
0.01,0.002,2,true,26,25.000000,true,58,0.829412,true,17883,10.922000,true,211.54229736328125,0.038444,true,0.8816999793052673,0.071895,true,334,17.555556,true,96,1.742857,true,37,17.500000,,,,14,,0
0.01,0.002,3,true,31,30.000000,true,69,0.777419,true,15686,9.457333,true,208.17149353027344,0.053766,true,0.882099986076355,0.071474,true,344,18.111111,true,94,1.685714,true,42,20.000000,,,,9,,0
0.01,0.004,1,true,21,20.000000,true,52,0.826667,true,17005,10.336667,true,212.648193359375,0.033417,true,0.8820000290870667,0.071579,true,386,20.444444,true,102,1.914286,true,22,10.000000,,,,15,,0
0.01,0.004,2,true,28,27.000000,true,57,0.837143,true,15995,9.663333,true,216.0792999267578,0.017821,true,0.8838000297546387,0.069684,true,384,20.333333,true,137,2.914286,true,32,15.000000,,,,13,,0
0.01,0.004,3,true,32,31.000000,true,69,0.784375,true,15302,9.201333,true,217.9770050048828,0.009195,true,0.8830000162124634,0.070526,true,302,15.777778,true,94,1.685714,true,44,21.000000,,,,9,,0
0.01,0.006,1,true,24,23.000000,true,611,0.828371,true,16684,10.122667,true,214.54510498046875,0.024795,true,0.8859000205993652,0.067474,true,304,15.888889,true,102,1.914286,true,36,17.000000,,,,10,,0
0.01,0.006,2,true,26,25.000000,true,54,0.841176,true,17300,10.533333,true,216.50680541992188,0.015878,true,0.883899986743927,0.069579,true,420,22.333333,true,108,2.085714,true,36,17.000000,,,,12,,0
0.01,0.006,3,true,29,28.000000,true,68,0.793939,true,14956,8.970667,true,216.4449005126953,0.016160,true,0.8830000162124634,0.070526,true,306,16.000000,true,86,1.457143,true,161,15.100000,,,,9,,0
0.01,0.008,1,true,21,20.000000,true,603,0.820000,true,14243,8.495333,true,218.78309631347656,0.005531,true,0.8835999965667725,0.069895,true,312,16.333333,true,120,2.428571,true,28,13.000000,,,,10,,0
0.01,0.008,2,true,31,30.000000,true,55,0.828125,true,16470,9.980000,true,219.46710205078125,0.002422,true,0.8837000131607056,0.069789,true,309,16.166667,true,79,1.257143,true,40,19.000000,,,,10,,0
0.01,0.008,3,true,28,27.000000,true,57,0.827273,true,15403,9.268667,false,221.24899291992188,-0.005677,true,0.8842999935150146,0.069158,true,275,14.277778,true,86,1.457143,true,33,15.500000,,,,7,,0
0.01,0.010,1,true,26,25.000000,true,600,0.827586,true,16363,9.908667,false,220.1313018798828,-0.000597,true,0.8838000297546387,0.069684,true,364,19.222222,true,110,2.142857,true,30,14.000000,,,,15,,0
0.01,0.010,2,true,27,26.000000,true,53,0.848571,true,16585,10.056667,true,215.92689514160156,0.018514,true,0.8862000107765198,0.067158,true,435,23.166667,true,114,2.257143,true,35,16.500000,,,,11,,0
0.01,0.010,3,true,28,27.000000,true,66,0.800000,true,17066,10.377333,true,218.718994140625,0.005823,true,0.8860999941825867,0.067263,true,354,18.666667,true,89,1.542857,true,38,18.000000,,,,10,,0
0.02,0.000,1,true,18,17.000000,true,3217,0.791375,true,14546,8.697333,true,192.9951934814453,0.122749,true,0.8730999827384949,0.080947,true,322,16.888889,true,97,1.771429,true,28,13.000000,,,,7,,0
0.02,0.000,2,true,24,23.000000,true,58,0.834286,true,16908,10.272000,true,196.09829711914063,0.108644,true,0.8676000237464905,0.086737,true,411,21.833333,true,96,1.742857,true,40,19.000000,,,,13,,0
0.02,0.000,3,true,33,32.000000,true,73,0.778788,true,15525,9.350000,true,195.1002960205078,0.113180,true,0.8705000281333923,0.083684,true,383,20.277778,true,102,1.914286,true,39,18.500000,,,,10,,0
0.02,0.002,1,true,22,21.000000,true,56,0.825000,true,16645,10.096667,true,213.9445037841797,0.027525,true,0.8831999897956848,0.070316,true,344,18.111111,true,136,2.885714,true,28,13.000000,,,,13,,0
0.02,0.002,2,true,20,19.000000,true,55,0.838235,true,17618,10.745333,true,218.79949951171875,0.005457,true,0.8816999793052673,0.071895,true,316,16.555556,true,99,1.828571,true,25,11.500000,,,,11,,0
0.02,0.002,3,true,31,30.000000,true,70,0.774194,true,14788,8.858667,true,213.9611053466797,0.027450,true,0.882099986076355,0.071474,true,340,17.888889,true,93,1.657143,true,47,22.500000,,,,9,,0
0.02,0.004,1,true,20,19.000000,true,44,0.853333,true,17014,10.342667,true,215.24679565429688,0.021605,true,0.8820000290870667,0.071579,true,356,18.777778,true,113,2.228571,true,28,13.000000,,,,14,,0
0.02,0.004,2,true,26,25.000000,true,535,0.852617,true,16516,10.010667,true,215.1490020751953,0.022050,true,0.8838000297546387,0.069684,true,419,22.277778,true,104,1.971429,true,31,14.500000,,,,15,,0
0.02,0.004,3,true,30,29.000000,true,71,0.778125,true,15366,9.244000,true,216.40139770507813,0.016357,true,0.8830000162124634,0.070526,true,259,13.388889,true,99,1.828571,true,42,20.000000,,,,12,,0
0.02,0.006,1,true,24,23.000000,true,581,0.842547,true,15817,9.544667,true,217.0395050048828,0.013457,true,0.8860999941825867,0.067263,true,352,18.555556,true,116,2.314286,true,26,12.000000,,,,11,,0
0.02,0.006,2,true,24,23.000000,true,53,0.844118,true,16883,10.255333,false,224.16110229492188,-0.018914,true,0.883899986743927,0.069579,true,266,13.777778,true,82,1.342857,true,26,12.000000,,,,14,,0
0.02,0.006,3,true,29,28.000000,true,62,0.812121,true,15163,9.108667,true,217.37049865722656,0.011952,true,0.8830000162124634,0.070526,true,382,20.222222,true,83,1.371429,true,187,17.700000,,,,8,,0
0.02,0.008,1,true,19,18.000000,true,53,0.834375,true,16166,9.777333,false,225.56759643554688,-0.025307,true,0.8835999965667725,0.069895,true,354,18.666667,true,136,2.885714,true,38,18.000000,,,,16,,0
0.02,0.008,2,true,22,21.000000,true,52,0.837500,true,15524,9.349333,false,221.70159912109375,-0.007735,true,0.8837000131607056,0.069789,true,376,19.888889,true,109,2.114286,true,36,17.000000,,,,16,,0
0.02,0.008,3,false,0,-1.000000,true,72,0.781818,true,4121,1.747333,false,222.51060485839844,-0.011412,true,0.8842999935150146,0.069158,true,362,19.111111,true,84,1.400000,false,0,-1.000000,9805,grazers,eaten,3,10751,0
0.02,0.010,1,true,19,18.000000,true,54,0.841176,true,16607,10.071333,false,221.48519897460938,-0.006751,true,0.8838000297546387,0.069684,true,392,20.777778,true,125,2.571429,true,30,14.000000,,,,14,,0
0.02,0.010,2,true,24,23.000000,true,52,0.851429,true,16034,9.689333,false,220.41769409179688,-0.001899,true,0.8855999708175659,0.067790,true,354,18.666667,true,127,2.628571,true,32,15.000000,,,,11,,0
0.02,0.010,3,true,31,30.000000,true,68,0.793939,true,16631,10.087333,true,215.02780151367188,0.022601,true,0.8860999941825867,0.067263,true,386,20.444444,true,93,1.657143,true,43,20.500000,,,,12,,0
0.03,0.000,1,true,20,19.000000,true,3234,0.790272,true,14939,8.959333,true,190.0946044921875,0.135934,true,0.8730999827384949,0.080947,true,404,21.444444,true,128,2.657143,true,34,16.000000,,,,8,,0
0.03,0.000,2,true,23,22.000000,true,2663,0.838704,true,15344,9.229333,true,194.2198028564453,0.117183,true,0.8676000237464905,0.086737,true,360,19.000000,true,88,1.514286,true,24,11.000000,,,,8,,0
0.03,0.000,3,true,33,32.000000,true,70,0.787879,true,16261,9.840667,true,203.0030059814453,0.077259,true,0.8705000281333923,0.083684,true,298,15.555556,true,87,1.485714,true,39,18.500000,,,,9,,0
0.03,0.002,1,true,16,15.000000,true,56,0.825000,true,17653,10.768667,true,212.47390747070313,0.034210,true,0.8831999897956848,0.070316,true,365,19.277778,true,103,1.942857,true,30,14.000000,,,,13,,0
0.03,0.002,2,true,25,24.000000,true,59,0.826471,true,17784,10.856000,true,216.12770080566406,0.017601,true,0.8816999793052673,0.071895,true,359,18.944444,true,112,2.200000,true,31,14.500000,,,,13,,0
0.03,0.002,3,true,31,30.000000,true,68,0.780645,true,15271,9.180667,true,213.36270141601563,0.030170,true,0.882099986076355,0.071474,true,337,17.722222,true,92,1.628571,true,48,23.000000,,,,11,,0
0.03,0.004,1,true,20,19.000000,true,58,0.806667,true,16720,10.146667,true,217.74119567871094,0.010267,true,0.8820000290870667,0.071579,true,341,17.944444,true,110,2.142857,true,21,9.500000,,,,11,,0
0.03,0.004,2,true,27,26.000000,true,52,0.851429,true,15425,9.283333,false,221.6840057373047,-0.007655,true,0.8838000297546387,0.069684,true,352,18.555556,true,139,2.971429,true,33,15.500000,,,,13,,0
0.03,0.004,3,true,30,29.000000,true,66,0.793750,true,14918,8.945333,true,219.62710571289063,0.001695,true,0.8830000162124634,0.070526,true,319,16.722222,true,80,1.285714,true,231,22.100000,,,,8,,0
0.03,0.006,1,true,20,19.000000,true,60,0.823529,true,15026,9.017333,false,220.35789489746094,-0.001627,true,0.8860999941825867,0.067263,true,370,19.555556,true,129,2.685714,true,26,12.000000,,,,12,,0
0.03,0.006,2,true,27,26.000000,true,52,0.847059,true,17696,10.797333,false,220.00950622558594,-0.000043,true,0.883899986743927,0.069579,true,395,20.944444,true,118,2.371429,true,34,16.000000,,,,12,,0
0.03,0.006,3,true,33,32.000000,true,66,0.800000,true,15985,9.656667,true,213.960693359375,0.027451,true,0.8828999996185303,0.070632,true,348,18.333333,true,99,1.828571,true,48,23.000000,,,,12,,0
0.03,0.008,1,true,20,19.000000,true,565,0.816558,true,17575,10.716667,false,225.13340759277344,-0.023334,true,0.8835999965667725,0.069895,true,360,19.000000,true,99,1.828571,true,35,16.500000,,,,10,,0
0.03,0.008,2,true,25,24.000000,true,558,0.847123,true,14948,8.965333,false,224.5959930419922,-0.020891,true,0.8837000131607056,0.069789,true,360,19.000000,true,117,2.342857,true,28,13.000000,,,,13,,0
0.03,0.008,3,true,30,29.000000,true,67,0.796970,true,16820,10.213333,true,219.57029724121094,0.001953,true,0.8842999935150146,0.069158,true,296,15.444444,true,84,1.400000,true,44,21.000000,,,,10,,0
0.03,0.010,1,true,22,21.000000,true,56,0.835294,true,16906,10.270667,false,220.42300415039063,-0.001923,true,0.8838000297546387,0.069684,true,347,18.277778,true,97,1.771429,true,28,13.000000,,,,13,,0
0.03,0.010,2,true,21,20.000000,true,51,0.854286,true,16241,9.827333,false,221.4813995361328,-0.006734,true,0.8855999708175659,0.067790,true,372,19.666667,true,102,1.914286,true,33,15.500000,,,,11,,0
0.03,0.010,3,true,32,31.000000,true,62,0.812121,true,17000,10.333333,false,221.92799377441406,-0.008764,true,0.8860999941825867,0.067263,true,343,18.055556,true,90,1.571429,true,41,19.500000,,,,10,,0
0.04,0.000,1,true,21,20.000000,true,3184,0.793515,true,14475,8.650000,true,197.61270141601563,0.101760,true,0.8730999827384949,0.080947,true,388,20.555556,true,130,2.714286,true,33,15.500000,,,,9,,0
0.04,0.000,2,true,29,28.000000,true,58,0.834286,true,15941,9.627333,true,199.7888946533203,0.091869,true,0.8676000237464905,0.086737,true,299,15.611111,true,76,1.171429,true,36,17.000000,,,,9,,0
0.04,0.000,3,true,33,32.000000,true,76,0.769697,true,16039,9.692667,true,200.57870483398438,0.088279,true,0.8694999814033508,0.084737,true,365,19.277778,true,116,2.314286,true,47,22.500000,,,,9,,0
0.04,0.002,1,true,25,24.000000,true,59,0.815625,true,17233,10.488667,true,212.8520965576172,0.032490,true,0.8831999897956848,0.070316,true,420,22.333333,true,104,1.971429,true,34,16.000000,,,,12,,0
0.04,0.002,2,true,25,24.000000,true,69,0.797059,true,17892,10.928000,true,216.064697265625,0.017888,true,0.8816999793052673,0.071895,true,355,18.722222,true,96,1.742857,true,36,17.000000,,,,13,,0
0.04,0.002,3,true,31,30.000000,true,69,0.777419,true,14590,8.726667,true,212.72740173339844,0.033057,true,0.882099986076355,0.071474,true,365,19.277778,true,89,1.542857,true,50,24.000000,,,,10,,0
0.04,0.004,1,true,23,22.000000,true,54,0.820000,true,17552,10.701333,true,217.23150634765625,0.012584,true,0.8820000290870667,0.071579,true,455,24.277778,true,126,2.600000,true,25,11.500000,,,,12,,0
0.04,0.004,2,true,21,20.000000,true,56,0.840000,true,15626,9.417333,true,218.2886962890625,0.007779,true,0.8838000297546387,0.069684,true,370,19.555556,true,85,1.428571,true,35,16.500000,,,,12,,0
0.04,0.004,3,false,0,-1.000000,true,73,0.771875,false,0,-1.000000,false,224.6737060546875,-0.021244,true,0.8830000162124634,0.070526,true,329,17.277778,true,85,1.428571,false,0,-1.000000,8088,grazers,eaten,1,9381,0
0.04,0.006,1,true,21,20.000000,true,560,0.839080,true,16990,10.326667,true,217.7384033203125,0.010280,true,0.8860999941825867,0.067263,true,369,19.500000,true,107,2.057143,true,28,13.000000,,,,13,,0
0.04,0.006,2,true,27,26.000000,true,54,0.841176,true,17026,10.350667,false,224.15969848632813,-0.018908,true,0.883899986743927,0.069579,true,400,21.222222,true,94,1.685714,true,37,17.500000,,,,11,,0
0.04,0.006,3,false,0,-1.000000,true,71,0.784848,true,1612,0.074667,false,229.58140563964844,-0.043552,true,0.8828999996185303,0.070632,true,346,18.222222,true,113,2.228571,false,0,-1.000000,8654,grazers,eaten,2,9588,0
0.04,0.008,1,true,18,17.000000,true,571,0.815806,true,17589,10.726000,false,222.98049926757813,-0.013548,true,0.8835999965667725,0.069895,true,338,17.777778,true,83,1.371429,true,40,19.000000,,,,13,,0
0.04,0.008,2,true,24,23.000000,true,53,0.834375,true,16147,9.764667,false,222.9929962158203,-0.013605,true,0.8837000131607056,0.069789,true,366,19.333333,true,118,2.371429,true,26,12.000000,,,,11,,0
0.04,0.008,3,true,33,32.000000,true,58,0.824242,true,16197,9.798000,false,221.69419860839844,-0.007701,true,0.8842999935150146,0.069158,true,361,19.055556,true,78,1.228571,true,41,19.500000,,,,9,,0
0.04,0.010,1,true,19,18.000000,true,57,0.832353,true,16986,10.324000,false,227.735595703125,-0.035162,true,0.8838000297546387,0.069684,true,387,20.500000,true,107,2.057143,true,24,11.000000,,,,10,,0
0.04,0.010,2,true,27,26.000000,true,541,0.851374,true,15528,9.352000,false,223.8647003173828,-0.017567,true,0.8855999708175659,0.067790,true,332,17.444444,true,75,1.142857,true,33,15.500000,,,,12,,0
0.04,0.010,3,true,30,29.000000,true,63,0.809091,true,16595,10.063333,true,219.9770965576172,0.000104,true,0.8860999941825867,0.067263,true,315,16.500000,true,81,1.314286,true,38,18.000000,,,,12,,0
0.05,0.000,1,true,21,20.000000,true,53,0.829032,true,15950,9.633333,true,197.82009887695313,0.100818,true,0.8730999827384949,0.080947,true,365,19.277778,true,102,1.914286,true,28,13.000000,,,,9,,0
0.05,0.000,2,true,22,21.000000,true,2501,0.848516,true,16819,10.212667,true,199.11880493164063,0.094915,true,0.8676000237464905,0.086737,true,365,19.277778,true,118,2.371429,true,28,13.000000,,,,9,,0
0.05,0.000,3,true,33,32.000000,true,68,0.793939,true,16056,9.704000,true,205.65420532226563,0.065208,true,0.8694999814033508,0.084737,true,377,19.944444,true,98,1.800000,true,50,24.000000,,,,9,,0
0.05,0.002,1,true,25,24.000000,true,57,0.821875,true,17482,10.654667,true,217.9980010986328,0.009100,true,0.8831999897956848,0.070316,true,359,18.944444,true,120,2.428571,true,33,15.500000,,,,13,,0
0.05,0.002,2,true,31,30.000000,true,59,0.826471,true,17182,10.454667,true,218.3760986328125,0.007381,true,0.8828999996185303,0.070632,true,348,18.333333,true,96,1.742857,true,34,16.000000,,,,13,,0
0.05,0.002,3,true,31,30.000000,true,69,0.777419,true,13929,8.286000,true,214.1551971435547,0.026567,true,0.882099986076355,0.071474,true,361,19.055556,true,93,1.657143,true,46,22.000000,,,,9,,0
0.05,0.004,1,true,19,18.000000,true,48,0.840000,true,17552,10.701333,true,219.19290161132813,0.003669,true,0.8820000290870667,0.071579,true,383,20.277778,true,112,2.200000,true,28,13.000000,,,,13,,0
0.05,0.004,2,true,25,24.000000,true,535,0.846264,true,14176,8.450667,false,222.66879272460938,-0.012131,true,0.8838000297546387,0.069684,true,348,18.333333,true,103,1.942857,true,28,13.000000,,,,10,,0
0.05,0.004,3,true,32,31.000000,true,66,0.793750,true,11557,6.704667,false,227.21449279785156,-0.032793,true,0.8830000162124634,0.070526,true,277,14.388889,true,100,1.857143,true,213,20.300000,,,,8,,0
0.05,0.006,1,true,20,19.000000,true,555,0.834821,true,16260,9.840000,false,221.91380310058594,-0.008699,true,0.8860999941825867,0.067263,true,377,19.944444,true,119,2.400000,true,30,14.000000,,,,11,,0
0.05,0.006,2,true,25,24.000000,true,52,0.847059,true,16204,9.802667,false,222.86740112304688,-0.013034,true,0.883899986743927,0.069579,true,405,21.500000,true,72,1.057143,true,34,16.000000,,,,12,,0
0.05,0.006,3,false,0,-1.000000,true,61,0.815152,true,5599,2.732667,false,225.87399291992188,-0.026700,true,0.8828999996185303,0.070632,true,365,19.277778,true,114,2.257143,true,110,10.000000,13290,grazers,eaten,3,14375,0
0.05,0.008,1,true,22,21.000000,true,570,0.812500,true,17575,10.716667,false,221.47830200195313,-0.006720,true,0.8835999965667725,0.069895,true,361,19.055556,true,131,2.742857,true,32,15.000000,,,,15,,0
0.05,0.008,2,true,23,22.000000,true,54,0.831250,true,16037,9.691333,false,224.04930114746094,-0.018406,true,0.8837000131607056,0.069789,true,373,19.722222,true,123,2.514286,true,30,14.000000,,,,11,,0
0.05,0.008,3,true,31,30.000000,true,60,0.818182,true,16189,9.792667,false,224.14280700683594,-0.018831,true,0.8842999935150146,0.069158,true,317,16.611111,true,92,1.628571,true,36,17.000000,,,,11,,0
0.05,0.010,1,true,24,23.000000,true,550,0.838235,true,16539,10.026000,false,224.947998046875,-0.022491,true,0.8838000297546387,0.069684,true,370,19.555556,true,141,3.028571,true,31,14.500000,,,,14,,0
0.05,0.010,2,true,26,25.000000,true,531,0.856098,true,15827,9.551333,false,224.14950561523438,-0.018861,true,0.8855999708175659,0.067790,true,363,19.166667,true,99,1.828571,true,27,12.500000,,,,14,,0
0.05,0.010,3,true,33,32.000000,true,61,0.815152,true,17695,10.796667,false,222.90809631347656,-0.013219,true,0.8860999941825867,0.067263,true,404,21.444444,true,125,2.571429,true,44,21.000000,,,,13,,0
