hunter.handling_ticks,hunter.hunt_cost,seed,no_extinction_pass,no_extinction_value,no_extinction_margin,max_10x_pass,max_10x_value,max_10x_margin,grazer_cycle_pass,grazer_cycle_value,grazer_cycle_margin,fertility_band_pass,fertility_band_value,fertility_band_margin,grass_band_pass,grass_band_value,grass_band_margin,tree_growth_pass,tree_growth_value,tree_growth_margin,mature_trees_10k_pass,mature_trees_10k_value,mature_trees_10k_margin,animals_10k_pass,animals_10k_value,animals_10k_margin,first_extinction_tick,first_extinction_species,first_extinction_dominant_cause,grazer_peaks,hunter_extinction_tick,hunter_immigrants,pp_lag,pp_corr,pp_undefined,pp_period
25,0.6,1,false,0,-1.000000,true,131,0.614706,true,2752,0.834667,false,255,-0.159091,true,0.8815000057220459,0.072105,true,411,21.833333,true,117,2.342857,false,0,-1.000000,7390,grazers,eaten,2,8601,0,,,grazers eaten,
25,0.6,2,false,0,-1.000000,true,113,0.677143,true,2796,0.864000,false,255,-0.159091,true,0.8810999989509583,0.072526,true,340,17.888889,true,111,2.171429,false,0,-1.000000,9127,grazers,eaten,2,10418,0,,,grazers eaten,
25,0.6,3,false,0,-1.000000,true,94,0.715152,true,2022,0.348000,false,255,-0.159091,true,0.8797000050544739,0.074000,true,360,19.000000,true,106,2.028571,false,0,-1.000000,8531,grazers,eaten,2,9776,0,,,grazers eaten,
25,0.6,42,true,11,10.000000,true,76,0.788889,true,56601,36.734000,false,255,-0.159091,true,0.8792999982833862,0.074421,true,250,12.888889,true,75,1.142857,true,47,22.500000,,,,34,,0,4950,0.3497,,3700
25,0.8,1,false,0,-1.000000,true,119,0.650000,false,0,-1.000000,false,255,-0.159091,true,0.882099986076355,0.071474,true,337,17.722222,true,118,2.371429,false,0,-1.000000,7150,grazers,eaten,1,8383,0,,,grazers eaten,
25,0.8,2,true,2,1.000000,true,68,0.805714,true,55013,35.675333,false,255,-0.159091,true,0.8799999952316284,0.073684,true,358,18.888889,true,77,1.200000,true,27,12.500000,,,,36,,0,-6950,0.2800,,2050
25,0.8,3,false,0,-1.000000,true,106,0.678788,false,0,-1.000000,false,255,-0.159091,true,0.8804000020027161,0.073263,true,326,17.111111,true,86,1.457143,false,0,-1.000000,8607,grazers,eaten,1,9921,0,,,grazers eaten,
25,0.8,42,false,0,-1.000000,true,68,0.811111,true,56636,36.757333,false,255,-0.159091,true,0.8806999921798706,0.072947,true,286,14.888889,true,62,0.771429,true,42,20.000000,41375,hunters,starved,33,41375,0,,,hunters starved,
25,1.0,1,false,0,-1.000000,true,113,0.667647,false,0,-1.000000,false,255,-0.159091,true,0.8808000087738037,0.072842,true,438,23.333333,true,111,2.171429,false,0,-1.000000,8339,grazers,eaten,0,9632,0,,,grazers eaten,
25,1.0,2,false,0,-1.000000,true,558,0.846281,true,55321,35.880667,false,255,-0.159091,true,0.8810999989509583,0.072526,true,399,21.166667,true,122,2.485714,true,11,4.500000,20825,hunters,starved,30,20825,0,,,hunters starved,
25,1.0,3,false,0,-1.000000,true,70,0.787879,true,57471,37.314000,false,255,-0.159091,true,0.8787999749183655,0.074947,true,281,14.611111,true,91,1.600000,true,23,10.500000,20985,hunters,starved,28,20985,0,,,hunters starved,
25,1.0,42,false,0,-1.000000,true,68,0.811111,true,56759,36.839333,false,255,-0.159091,true,0.8816999793052673,0.071895,true,235,12.055556,true,76,1.171429,true,14,6.000000,19957,hunters,starved,32,19957,0,,,hunters starved,
25,1.2,1,false,0,-1.000000,true,122,0.641176,false,1282,-0.145333,false,255,-0.159091,true,0.8812000155448914,0.072421,true,396,21.000000,true,130,2.714286,false,0,-1.000000,8531,grazers,eaten,2,9748,0,,,grazers eaten,
25,1.2,2,false,0,-1.000000,true,65,0.814286,true,57032,37.021333,false,255,-0.159091,true,0.8794999718666077,0.074211,true,325,17.055556,true,79,1.257143,true,11,4.500000,15803,hunters,starved,30,15803,0,,,hunters starved,
25,1.2,3,false,0,-1.000000,true,60,0.818182,true,57312,37.208000,false,255,-0.159091,true,0.8822000026702881,0.071368,true,307,16.055556,true,84,1.400000,true,17,7.500000,18506,hunters,starved,32,18506,0,,,hunters starved,
25,1.2,42,false,0,-1.000000,true,68,0.811111,true,57643,37.428667,false,255,-0.159091,true,0.8802000284194946,0.073474,true,163,8.055556,true,73,1.085714,true,37,17.500000,22725,hunters,starved,34,22725,0,,,hunters starved,
50,0.6,1,false,0,-1.000000,true,127,0.626471,true,2937,0.958000,false,255,-0.159091,true,0.8820000290870667,0.071579,true,293,15.277778,true,117,2.342857,false,0,-1.000000,8407,grazers,eaten,3,9646,0,,,grazers eaten,
50,0.6,2,false,0,-1.000000,true,102,0.708571,false,0,-1.000000,false,255,-0.159091,true,0.878600001335144,0.075158,true,370,19.555556,true,116,2.314286,false,0,-1.000000,9028,grazers,eaten,1,10227,0,,,grazers eaten,
50,0.6,3,false,0,-1.000000,true,110,0.666667,true,1881,0.254000,false,255,-0.159091,true,0.879800021648407,0.073895,true,334,17.555556,true,80,1.285714,false,0,-1.000000,9512,grazers,eaten,3,10811,0,,,grazers eaten,
50,0.6,42,false,0,-1.000000,true,85,0.763889,true,16847,10.231333,false,255,-0.159091,true,0.880299985408783,0.073368,true,320,16.777778,true,54,0.542857,true,57,27.500000,23225,grazers,eaten,10,24445,0,,,grazers eaten,
50,0.8,1,false,0,-1.000000,true,113,0.667647,false,0,-1.000000,false,255,-0.159091,true,0.8833000063896179,0.070211,true,319,16.722222,true,119,2.400000,false,0,-1.000000,7575,grazers,eaten,1,8675,0,,,grazers eaten,
50,0.8,2,false,0,-1.000000,true,137,0.608571,true,8383,4.588667,false,255,-0.159091,true,0.8805999755859375,0.073053,true,361,19.055556,true,106,2.028571,true,368,35.800000,12847,grazers,eaten,5,14164,0,,,grazers eaten,
50,0.8,3,false,0,-1.000000,true,83,0.748485,true,56403,36.602000,false,255,-0.159091,true,0.8805999755859375,0.073053,true,394,20.888889,true,87,1.485714,true,46,22.000000,25777,hunters,starved,32,25777,0,,,hunters starved,
50,0.8,42,false,0,-1.000000,true,64,0.822222,true,54284,35.189333,false,255,-0.159091,true,0.8772000074386597,0.076632,true,302,15.777778,true,62,0.771429,true,25,11.500000,32966,hunters,starved,32,32966,0,,,hunters starved,
50,1.0,1,false,0,-1.000000,true,123,0.638235,true,2908,0.938667,false,255,-0.159091,true,0.8823000192642212,0.071263,true,383,20.277778,true,135,2.857143,false,0,-1.000000,9497,grazers,eaten,3,10678,0,,,grazers eaten,
50,1.0,2,false,0,-1.000000,true,58,0.834286,true,56629,36.752667,false,255,-0.159091,true,0.8835999965667725,0.069895,true,340,17.888889,true,100,1.857143,true,10,4.000000,20691,hunters,starved,36,20691,0,,,hunters starved,
50,1.0,3,false,0,-1.000000,true,63,0.809091,true,57836,37.557333,false,255,-0.159091,true,0.8824999928474426,0.071053,true,389,20.611111,true,82,1.342857,true,33,15.500000,21498,hunters,starved,28,21498,0,,,hunters starved,
50,1.0,42,false,0,-1.000000,true,67,0.813889,true,57589,37.392667,false,255,-0.159091,true,0.8788999915122986,0.074842,true,372,19.666667,true,54,0.542857,true,28,13.000000,20384,hunters,starved,32,20384,0,,,hunters starved,
50,1.2,1,false,0,-1.000000,true,111,0.673529,true,57421,37.280667,false,255,-0.159091,true,0.8817999958992004,0.071789,true,336,17.666667,true,100,1.857143,true,31,14.500000,24377,hunters,starved,32,24377,0,,,hunters starved,
50,1.2,2,false,0,-1.000000,true,69,0.802857,true,56910,36.940000,false,255,-0.159091,true,0.8835999965667725,0.069895,true,373,19.722222,true,135,2.857143,true,22,10.000000,16337,hunters,old_age,27,16337,0,,,hunters old_age,
50,1.2,3,false,0,-1.000000,true,531,0.831962,true,55741,36.160667,false,255,-0.159091,true,0.8799999952316284,0.073684,true,386,20.444444,true,95,1.714286,true,18,8.000000,15646,hunters,starved,29,15646,0,,,hunters starved,
50,1.2,42,false,0,-1.000000,true,66,0.816667,true,56471,36.647333,false,255,-0.159091,true,0.8788999915122986,0.074842,true,268,13.888889,true,46,0.314286,true,5,1.500000,16232,hunters,old_age,31,16232,0,,,hunters old_age,
100,0.6,1,false,0,-1.000000,true,139,0.591176,true,3641,1.427333,false,255,-0.159091,true,0.8820000290870667,0.071579,true,307,16.055556,true,110,2.142857,false,0,-1.000000,9373,grazers,eaten,2,10555,0,,,grazers eaten,
100,0.6,2,false,0,-1.000000,true,140,0.600000,true,7195,3.796667,false,255,-0.159091,true,0.8823000192642212,0.071263,true,460,24.555556,true,85,1.428571,true,334,32.400000,12768,grazers,eaten,6,14094,0,,,grazers eaten,
100,0.6,3,true,11,10.000000,true,102,0.690909,true,56823,36.882000,false,255,-0.159091,true,0.8810999989509583,0.072526,true,415,22.055556,true,87,1.485714,true,327,31.700000,,,,35,,0,4700,0.3608,,3600
100,0.6,42,true,17,16.000000,true,85,0.763889,true,57089,37.059333,false,255,-0.159091,true,0.8816999793052673,0.071895,true,275,14.277778,true,89,1.542857,true,67,32.500000,,,,39,,0,-7500,0.2819,,3400
100,0.8,1,false,0,-1.000000,true,114,0.664706,false,0,-1.000000,false,255,-0.159091,true,0.8828999996185303,0.070632,true,369,19.500000,true,115,2.285714,false,0,-1.000000,9142,grazers,eaten,1,10448,0,,,grazers eaten,
100,0.8,2,false,0,-1.000000,true,67,0.808571,true,55481,35.987333,false,255,-0.159091,true,0.8819000124931335,0.071684,true,274,14.222222,true,90,1.571429,true,38,18.000000,57919,hunters,starved,38,57919,0,,,hunters starved,
100,0.8,3,false,0,-1.000000,true,82,0.751515,true,57696,37.464000,false,255,-0.159091,true,0.8840000033378601,0.069474,true,429,22.833333,true,122,2.485714,true,49,23.500000,29647,hunters,starved,37,29647,0,,,hunters starved,
100,0.8,42,false,0,-1.000000,true,70,0.805556,true,57150,37.100000,false,255,-0.159091,true,0.8819000124931335,0.071684,true,316,16.555556,true,76,1.171429,true,18,8.000000,22523,hunters,starved,31,22523,0,,,hunters starved,
100,1.0,1,false,0,-1.000000,true,118,0.652941,true,56960,36.973333,false,255,-0.159091,true,0.8828999996185303,0.070632,true,454,24.222222,true,157,3.485714,true,44,21.000000,31345,hunters,old_age,32,31345,0,,,hunters old_age,
100,1.0,2,false,0,-1.000000,true,72,0.794286,true,53372,34.581333,false,255,-0.159091,true,0.8809000253677368,0.072737,true,269,13.944444,true,91,1.600000,true,45,21.500000,41484,hunters,starved,32,41484,0,,,hunters starved,
100,1.0,3,false,0,-1.000000,true,71,0.784848,true,55846,36.230667,false,255,-0.159091,true,0.8805999755859375,0.073053,true,375,19.833333,true,126,2.600000,true,28,13.000000,25585,hunters,starved,31,25585,0,,,hunters starved,
100,1.0,42,false,0,-1.000000,true,61,0.830556,true,56648,36.765333,false,255,-0.159091,true,0.8791999816894531,0.074526,true,255,13.166667,true,54,0.542857,true,16,7.000000,14850,hunters,starved,31,14850,0,,,hunters starved,
100,1.2,1,false,0,-1.000000,true,114,0.664706,true,55154,35.769333,false,255,-0.159091,true,0.8819000124931335,0.071684,true,411,21.833333,true,114,2.257143,true,51,24.500000,21304,hunters,starved,32,21304,0,,,hunters starved,
100,1.2,2,false,0,-1.000000,true,571,0.830564,true,57779,37.519333,false,255,-0.159091,true,0.8831999897956848,0.070316,true,299,15.611111,true,99,1.828571,true,10,4.000000,16808,hunters,starved,36,16808,0,,,hunters starved,
100,1.2,3,false,0,-1.000000,true,554,0.821290,true,56975,36.983333,false,255,-0.159091,true,0.8826000094413757,0.070947,true,276,14.333333,true,103,1.942857,true,19,8.500000,14390,hunters,starved,29,14390,0,,,hunters starved,
100,1.2,42,false,0,-1.000000,true,64,0.822222,true,54239,35.159333,false,255,-0.159091,true,0.8812000155448914,0.072421,true,325,17.055556,true,69,0.971429,true,19,8.500000,16310,hunters,starved,35,16310,0,,,hunters starved,
150,0.6,1,false,0,-1.000000,true,174,0.488235,true,6868,3.578667,false,255,-0.159091,true,0.8849999904632568,0.068421,true,362,19.111111,true,106,2.028571,true,339,32.900000,13129,grazers,eaten,5,14441,0,,,grazers eaten,
150,0.6,2,false,0,-1.000000,true,129,0.631429,true,37632,24.088000,false,255,-0.159091,true,0.8819000124931335,0.071684,true,422,22.444444,true,109,2.114286,true,76,37.000000,42504,grazers,eaten,22,43770,0,,,grazers eaten,
150,0.6,3,false,0,-1.000000,true,137,0.584848,true,16582,10.054667,false,255,-0.159091,true,0.8823000192642212,0.071263,true,295,15.388889,true,97,1.771429,true,311,30.100000,22561,grazers,eaten,8,24000,0,,,grazers eaten,
150,0.6,42,true,27,26.000000,true,82,0.772222,true,56880,36.920000,false,255,-0.159091,true,0.8840000033378601,0.069474,true,272,14.111111,true,50,0.428571,true,66,32.000000,,,,34,,0,-2300,0.2595,,3800
150,0.8,1,true,4,3.000000,true,130,0.617647,true,56277,36.518000,false,255,-0.159091,true,0.8810999989509583,0.072526,true,312,16.333333,true,123,2.514286,true,89,43.500000,,,,38,,0,-3150,0.2102,,4300
150,0.8,2,true,1,0.000000,true,77,0.780000,true,57303,37.202000,false,255,-0.159091,true,0.883400022983551,0.070105,true,379,20.055556,true,116,2.314286,true,39,18.500000,,,,43,,0,4950,0.4041,,2500
150,0.8,3,false,0,-1.000000,true,72,0.781818,true,56998,36.998667,false,255,-0.159091,true,0.8805999755859375,0.073053,true,356,18.777778,true,70,1.000000,true,58,28.000000,34602,hunters,starved,36,34602,0,,,hunters starved,
150,0.8,42,false,0,-1.000000,true,70,0.805556,true,55766,36.177333,false,255,-0.159091,true,0.8791999816894531,0.074526,true,343,18.055556,true,63,0.800000,true,36,17.000000,25663,hunters,starved,37,25663,0,,,hunters starved,
150,1.0,1,false,0,-1.000000,true,107,0.685294,true,57344,37.229333,false,255,-0.159091,true,0.8855000138282776,0.067895,true,338,17.777778,true,121,2.457143,true,60,29.000000,27934,hunters,old_age,32,27934,0,,,hunters old_age,
150,1.0,2,false,0,-1.000000,true,58,0.834286,true,57555,37.370000,false,255,-0.159091,true,0.8830999732017517,0.070421,true,387,20.500000,true,93,1.657143,true,16,7.000000,18255,hunters,starved,37,18255,0,,,hunters starved,
150,1.0,3,false,0,-1.000000,true,78,0.763636,true,54477,35.318000,false,255,-0.159091,true,0.8827999830245972,0.070737,true,414,22.000000,true,110,2.142857,true,56,27.000000,21348,hunters,starved,27,21348,0,,,hunters starved,
150,1.0,42,false,0,-1.000000,true,76,0.788889,true,57052,37.034667,false,255,-0.159091,true,0.8780999779701233,0.075684,true,328,17.222222,true,68,0.942857,true,29,13.500000,22869,hunters,starved,35,22869,0,,,hunters starved,
150,1.2,1,false,0,-1.000000,true,100,0.705882,true,57309,37.206000,false,255,-0.159091,true,0.8813999891281128,0.072211,true,332,17.444444,true,106,2.028571,true,46,22.000000,19516,hunters,old_age,27,19516,0,,,hunters old_age,
150,1.2,2,false,0,-1.000000,true,50,0.857143,true,56325,36.550000,false,255,-0.159091,true,0.8819000124931335,0.071684,true,409,21.722222,true,112,2.200000,true,14,6.000000,17409,hunters,starved,34,17409,0,,,hunters starved,
150,1.2,3,false,0,-1.000000,true,75,0.772727,true,57077,37.051333,false,255,-0.159091,true,0.8845999836921692,0.068842,true,379,20.055556,true,67,0.914286,true,36,17.000000,22612,hunters,old_age,34,22612,0,,,hunters old_age,
150,1.2,42,false,0,-1.000000,true,66,0.816667,true,56775,36.850000,false,255,-0.159091,true,0.882099986076355,0.071474,true,244,12.555556,true,70,1.000000,true,3,0.500000,12448,hunters,starved,30,12448,0,,,hunters starved,
